Graph Size,CBM Cut Value,CBM Time (s),SBM Cut Value,SBM Time (s)
5,10.805924181722858,3.2570948600769043,12.0,0.015609025955200195
30,-53.23055673573579,0.028834104537963867,196.0,0.04912590980529785
